{
    "client": "Thunder Client",
    "collectionName": "novalya new",
    "dateExported": "2023-06-26T18:46:13.834Z",
    "version": "1.1",
    "folders": [],
    "requests": [
        {
            "_id": "227c93ca-0b74-4b84-a2fa-737a61a21488",
            "colId": "7ff52913-38f9-4df9-926b-57ea9baf4e70",
            "containerId": "",
            "name": "admin-payoutcronjob",
            "url": "https://threearrowstech.com/projects/quantum/admin_apis/api/roicronjob/",
            "method": "POST",
            "sortNum": 10000,
            "created": "2023-06-26T12:29:16.845Z",
            "modified": "2023-06-26T12:29:16.845Z",
            "headers": [
                {
                    "name": "AUTHORIZATION",
                    "value": "Bearer OTS3G498CVNT51LGPZ332UUFFYMXGXYDKAC3VX5SZEBWDQ26NSA2JZHDKEZLYVU38I53L1MVADLKD1M2IHMANR18R1ZBNYOZSEBA"
                }
            ],
            "params": [],
            "tests": []
        },
        {
            "_id": "db9c82a1-70cd-4092-9b16-d76f9e23ba63",
            "colId": "7ff52913-38f9-4df9-926b-57ea9baf4e70",
            "containerId": "",
            "name": "registeruser",
            "url": "http://localhost:8000/user/api/register",
            "method": "POST",
            "sortNum": 12500,
            "created": "2023-06-26T13:29:26.289Z",
            "modified": "2023-06-26T17:58:05.519Z",
            "headers": [
                {
                    "name": "AUTHORIZATION",
                    "value": "Bearer OTS3G498CVNT51LGPZ332UUFFYMXGXYDKAC3VX5SZEBWDQ26NSA2JZHDKEZLYVU38I53L1MVADLKD1M2IHMANR18R1ZBNYOZSEBA"
                }
            ],
            "params": [],
            "body": {
                "type": "json",
                "raw": "{\n  \"sponsorid\": \"JKKJ62GJHF\",\n  \"username\": \"ahsan12\",\n  \"firstname\": \"Ahsan\",\n  \"lastname\": \"ejaz\",\n  \"email\": \"expertz1477@gmail.com\",\n  \"password\": \"Ahsan@123\",\n  \"country\": \"United States\",\n  \"company\": \"ABC Company\",\n  \"address\": \"123 Main St\",\n  \"address2\": \"Apt 4B\",\n  \"zip_code\": \"10001\",\n  \"city\": \"New York\",\n  \"language\": \"English\",\n  \"mobile\": \"1234567890\"\n}\n",
                "form": []
            },
            "tests": []
        },
        {
            "_id": "b06b2159-49d2-4b3d-9d11-24657329bf80",
            "colId": "7ff52913-38f9-4df9-926b-57ea9baf4e70",
            "containerId": "",
            "name": "loginuser",
            "url": "http://localhost:8000/user/api/login",
            "method": "POST",
            "sortNum": 13750,
            "created": "2023-06-26T18:25:52.468Z",
            "modified": "2023-06-26T18:26:18.790Z",
            "headers": [
                {
                    "name": "AUTHORIZATION",
                    "value": "Bearer OTS3G498CVNT51LGPZ332UUFFYMXGXYDKAC3VX5SZEBWDQ26NSA2JZHDKEZLYVU38I53L1MVADLKD1M2IHMANR18R1ZBNYOZSEBA"
                }
            ],
            "params": [],
            "body": {
                "type": "json",
                "raw": "{\n  \"username\": \"ahsan12\",\n  \"password\": \"Ahsan@123\"\n }\n",
                "form": []
            },
            "tests": []
        },
        {
            "_id": "f1d3783b-0d5d-416f-a8e8-8937e6f4d881",
            "colId": "7ff52913-38f9-4df9-926b-57ea9baf4e70",
            "containerId": "",
            "name": "admin-roicronjob",
            "url": "https://threearrowstech.com/projects/quantum/admin_apis/api/payoutcronjob/",
            "method": "POST",
            "sortNum": 15000,
            "created": "2023-06-26T12:29:16.847Z",
            "modified": "2023-06-26T12:29:16.847Z",
            "headers": [
                {
                    "name": "AUTHORIZATION",
                    "value": "Bearer OTS3G498CVNT51LGPZ332UUFFYMXGXYDKAC3VX5SZEBWDQ26NSA2JZHDKEZLYVU38I53L1MVADLKD1M2IHMANR18R1ZBNYOZSEBA"
                }
            ],
            "params": [],
            "tests": []
        },
        {
            "_id": "bd365cab-f184-4504-bc0b-8c58423fdb13",
            "colId": "7ff52913-38f9-4df9-926b-57ea9baf4e70",
            "containerId": "",
            "name": "admindata",
            "url": "https://threearrowstech.com/projects/Aura Coinex/admin_apis/api/createusersession/",
            "method": "POST",
            "sortNum": 20000,
            "created": "2023-06-26T12:29:16.848Z",
            "modified": "2023-06-26T12:29:16.848Z",
            "headers": [
                {
                    "name": "AUTHORIZATION",
                    "value": "Bearer 4KN5LKKVCOXGZ4BGMWFZY2AAV4BDK5YSMICA96O1PLT5RMNZ1OVU19UIXXLIW1JV3P8DO3HRBE1GQT9ILWVJXFUG4S3XLRGF8K5E"
                }
            ],
            "params": [],
            "body": {
                "type": "json",
                "raw": "{\n  \"userid\" : \"1\"\n}",
                "form": []
            },
            "tests": []
        },
        {
            "_id": "a4eebb0f-49ba-469a-8ad1-982133823e7a",
            "colId": "7ff52913-38f9-4df9-926b-57ea9baf4e70",
            "containerId": "",
            "name": "admin-getdepositlist",
            "url": "https://quantumapis.threearrowstech.com/admin_apis/admin/getdepositlist/",
            "method": "POST",
            "sortNum": 30000,
            "created": "2023-06-26T12:29:16.849Z",
            "modified": "2023-06-26T12:29:16.849Z",
            "headers": [
                {
                    "name": "AUTHORIZATION",
                    "value": "Bearer QBF5T1DZ9FZ35ZM3IGXXYMTGJXD5P4XRZG1LCW3M1KH5BZ4KUTQZ1MFHGLWRIBN6X6XV3KJGZZSP5C2TQTNNUFEC9L2SRLLLG5VV"
                }
            ],
            "params": [],
            "body": {
                "type": "json",
                "raw": "{\n  \"status\" : \"pending\" \n}",
                "form": []
            },
            "tests": []
        },
        {
            "_id": "1891bce6-e1e9-40db-a02e-8a10fc0adf84",
            "colId": "7ff52913-38f9-4df9-926b-57ea9baf4e70",
            "containerId": "",
            "name": "admin-createusersession",
            "url": "https://quantumapis.threearrowstech.com/admin_apis/admin/getdepositlist/",
            "method": "POST",
            "sortNum": 40000,
            "created": "2023-06-26T12:29:16.850Z",
            "modified": "2023-06-26T12:29:16.850Z",
            "headers": [
                {
                    "name": "AUTHORIZATION",
                    "value": "Bearer QBF5T1DZ9FZ35ZM3IGXXYMTGJXD5P4XRZG1LCW3M1KH5BZ4KUTQZ1MFHGLWRIBN6X6XV3KJGZZSP5C2TQTNNUFEC9L2SRLLLG5VV"
                }
            ],
            "params": [],
            "body": {
                "type": "json",
                "raw": "{\n  \"status\" : \"pending\" \n}",
                "form": []
            },
            "tests": []
        },
        {
            "_id": "9ed0e0e9-f640-4641-9930-86f93bd32323",
            "colId": "7ff52913-38f9-4df9-926b-57ea9baf4e70",
            "containerId": "",
            "name": "monthlyinvestandeearning",
            "url": "https://threearrowstech.com/projects/quantum/backend_apis/api/monthlyinvestandeearning/",
            "method": "POST",
            "sortNum": 50000,
            "created": "2023-06-26T12:29:16.851Z",
            "modified": "2023-06-26T12:29:16.851Z",
            "headers": [
                {
                    "name": "AUTHORIZATION",
                    "value": "Bearer 89YV996ZEL4Z5VV2QJL52DUY58HQ6BU3MPLLKD2IQNFRKO6A252XPB33PSY1Y65SL5JEMWHXJWI1ZOIB3HN8XXCYN8BW1WQGRLOJ"
                }
            ],
            "params": [],
            "tests": []
        },
        {
            "_id": "7341bbb8-ef44-4ac0-a958-8fd930de233c",
            "colId": "7ff52913-38f9-4df9-926b-57ea9baf4e70",
            "containerId": "",
            "name": "userdata/",
            "url": "https://threearrowstech.com/projects/quantum/backend_apis/api/user/userdata/",
            "method": "POST",
            "sortNum": 60000,
            "created": "2023-06-26T12:29:16.852Z",
            "modified": "2023-06-26T12:29:16.852Z",
            "headers": [
                {
                    "name": "AUTHORIZATION",
                    "value": "Bearer SPA5WR1SPJUKBI3VMNDEN6MXLRW5PBTG56KH4P5XMPVMMYZIF3WE2QJ2NDMYLXOJCUBLCCHAZSXVCRNWXESY1SVAC2PXD9MQ8C9O"
                }
            ],
            "params": [],
            "tests": []
        },
        {
            "_id": "c0a92403-0442-470c-aa6c-2b20f8081184",
            "colId": "7ff52913-38f9-4df9-926b-57ea9baf4e70",
            "containerId": "",
            "name": "resetpassword",
            "url": "https://threearrowstech.com/projects/quantum/backend_apis/api/resetpassword/",
            "method": "POST",
            "sortNum": 70000,
            "created": "2023-06-26T12:29:16.853Z",
            "modified": "2023-06-26T12:29:16.853Z",
            "headers": [
                {
                    "name": "AUTHORIZATION",
                    "value": "Bearer Bny5CMHTHWuBDNis6vCiWWfV9l1RfNl3lZHNn9wZWnCDaGCeFWCOmpXGHHm98T2MJVmZIb1V1BEajNZgqmSV9F5vKM2OarqgI8bh",
                    "isDisabled": true
                }
            ],
            "params": [],
            "body": {
                "type": "json",
                "raw": "{\n\n  \"email\":\"mahsanejaz0@gmail.com\",\n  \"password\":\"12345\"\n\n}",
                "form": []
            },
            "tests": []
        },
        {
            "_id": "75e45002-7756-4299-bb44-f16eb4b1a454",
            "colId": "7ff52913-38f9-4df9-926b-57ea9baf4e70",
            "containerId": "",
            "name": "validateemailtoken",
            "url": "https://threearrowstech.com/projects/quantum/backend_apis/api/validateemailtoken/",
            "method": "POST",
            "sortNum": 80000,
            "created": "2023-06-26T12:29:16.854Z",
            "modified": "2023-06-26T12:29:16.854Z",
            "headers": [
                {
                    "name": "AUTHORIZATION",
                    "value": "Bearer Bny5CMHTHWuBDNis6vCiWWfV9l1RfNl3lZHNn9wZWnCDaGCeFWCOmpXGHHm98T2MJVmZIb1V1BEajNZgqmSV9F5vKM2OarqgI8bh",
                    "isDisabled": true
                }
            ],
            "params": [],
            "body": {
                "type": "json",
                "raw": "{\n\n  \"email\":\"mahsanejaz0@gmail.com\",\n  \"PASSW\":\"1TRI9GD3P5XHKGJT44VDAYZEDVRIOV81COK45XELVKYKYQ3MPZRHWIAPK53OONK48EKTMR45MJG2C4C2M2VCE2YU9BMV8OBJ3CZC\"\n\n}",
                "form": []
            },
            "tests": []
        },
        {
            "_id": "85cc45ac-9f67-4803-ac09-327b4bfcafb6",
            "colId": "7ff52913-38f9-4df9-926b-57ea9baf4e70",
            "containerId": "",
            "name": "forgetpassword",
            "url": "https://threearrowstech.com/projects/quantum/backend_apis/api/forgetpassword/",
            "method": "POST",
            "sortNum": 90000,
            "created": "2023-06-26T12:29:16.855Z",
            "modified": "2023-06-26T12:29:16.855Z",
            "headers": [
                {
                    "name": "AUTHORIZATION",
                    "value": "Bearer Bny5CMHTHWuBDNis6vCiWWfV9l1RfNl3lZHNn9wZWnCDaGCeFWCOmpXGHHm98T2MJVmZIb1V1BEajNZgqmSV9F5vKM2OarqgI8bh",
                    "isDisabled": true
                }
            ],
            "params": [],
            "body": {
                "type": "json",
                "raw": "{\n\n  \"email\":\"mahsanejaz0@gmail.com\"\n\n}",
                "form": []
            },
            "tests": []
        },
        {
            "_id": "163cbe42-f044-46cf-8c6f-3f9511479260",
            "colId": "7ff52913-38f9-4df9-926b-57ea9baf4e70",
            "containerId": "",
            "name": "transaction",
            "url": "https://threearrowstech.com/projects/quantum/backend_apis/api/transaction/",
            "method": "POST",
            "sortNum": 100000,
            "created": "2023-06-26T12:29:16.856Z",
            "modified": "2023-06-26T12:29:16.856Z",
            "headers": [
                {
                    "name": "AUTHORIZATION",
                    "value": "Bearer Bny5CMHTHWuBDNis6vCiWWfV9l1RfNl3lZHNn9wZWnCDaGCeFWCOmpXGHHm98T2MJVmZIb1V1BEajNZgqmSV9F5vKM2OarqgI8bh"
                }
            ],
            "params": [],
            "body": {
                "type": "json",
                "raw": "{\n\n  \"amount\":100,\n  \"password\":\"1122\",\n  \"type\":\"investment\",\n  \"details\":\"you have invested amount of $100\",\n  \"status\":\"pending\"\n\n}",
                "form": []
            },
            "tests": []
        },
        {
            "_id": "e0bb7e0e-ece5-4f2d-b4ca-6ddc62913faf",
            "colId": "7ff52913-38f9-4df9-926b-57ea9baf4e70",
            "containerId": "",
            "name": "updateprofiledata",
            "url": "https://threearrowstech.com/projects/quantum/backend_apis/api/updateprofiledata/",
            "method": "POST",
            "sortNum": 110000,
            "created": "2023-06-26T12:29:16.857Z",
            "modified": "2023-06-26T12:29:16.857Z",
            "headers": [
                {
                    "name": "AUTHORIZATION",
                    "value": "Bearer Bny5CMHTHWuBDNis6vCiWWfV9l1RfNl3lZHNn9wZWnCDaGCeFWCOmpXGHHm98T2MJVmZIb1V1BEajNZgqmSV9F5vKM2OarqgI8bh"
                }
            ],
            "params": [],
            "body": {
                "type": "json",
                "raw": "{\n  \"firstname\":\"M\",\n  \"lastname\":\"Ahsan Ejaz\"\n}",
                "form": []
            },
            "tests": []
        },
        {
            "_id": "af8bc3f0-b3cb-4e4a-8a51-1acf63a1ccb6",
            "colId": "7ff52913-38f9-4df9-926b-57ea9baf4e70",
            "containerId": "",
            "name": "gethierarchy",
            "url": "https://threearrowstech.com/projects/quantum/backend_apis/api/gethierarchy/",
            "method": "POST",
            "sortNum": 120000,
            "created": "2023-06-26T12:29:16.858Z",
            "modified": "2023-06-26T12:29:16.858Z",
            "headers": [
                {
                    "name": "AUTHORIZATION",
                    "value": "Bearer Bny5CMHTHWuBDNis6vCiWWfV9l1RfNl3lZHNn9wZWnCDaGCeFWCOmpXGHHm98T2MJVmZIb1V1BEajNZgqmSV9F5vKM2OarqgI8bh"
                }
            ],
            "params": [],
            "tests": []
        },
        {
            "_id": "bd851e7c-df72-447f-9fd2-06df4211c9f7",
            "colId": "7ff52913-38f9-4df9-926b-57ea9baf4e70",
            "containerId": "",
            "name": "getwalletslist",
            "url": "https://threearrowstech.com/projects/quantum/backend_apis/api/getwalletlist/",
            "method": "POST",
            "sortNum": 122500,
            "created": "2023-06-26T12:29:16.859Z",
            "modified": "2023-06-26T12:29:16.859Z",
            "headers": [
                {
                    "name": "AUTHORIZATION",
                    "value": "Bearer Bny5CMHTHWuBDNis6vCiWWfV9l1RfNl3lZHNn9wZWnCDaGCeFWCOmpXGHHm98T2MJVmZIb1V1BEajNZgqmSV9F5vKM2OarqgI8bh"
                }
            ],
            "params": [],
            "tests": []
        },
        {
            "_id": "fd66c48e-8303-4db5-8a64-3e4f0c3ee9b0",
            "colId": "7ff52913-38f9-4df9-926b-57ea9baf4e70",
            "containerId": "",
            "name": "addupdatewallets",
            "url": "https://threearrowstech.com/projects/quantum/backend_apis/api/gethierarchy/",
            "method": "POST",
            "sortNum": 125000,
            "created": "2023-06-26T12:29:16.860Z",
            "modified": "2023-06-26T12:29:16.860Z",
            "headers": [
                {
                    "name": "AUTHORIZATION",
                    "value": "Bearer Bny5CMHTHWuBDNis6vCiWWfV9l1RfNl3lZHNn9wZWnCDaGCeFWCOmpXGHHm98T2MJVmZIb1V1BEajNZgqmSV9F5vKM2OarqgI8bh"
                }
            ],
            "params": [],
            "tests": []
        },
        {
            "_id": "fea58491-84a1-4f78-832f-67508a5e396b",
            "colId": "7ff52913-38f9-4df9-926b-57ea9baf4e70",
            "containerId": "",
            "name": "unilevelbonussummary",
            "url": "https://threearrowstech.com/projects/quantum/backend_apis/api/unilevelbonussummary/",
            "method": "POST",
            "sortNum": 130000,
            "created": "2023-06-26T12:29:16.861Z",
            "modified": "2023-06-26T12:29:16.861Z",
            "headers": [
                {
                    "name": "AUTHORIZATION",
                    "value": "Bearer Bny5CMHTHWuBDNis6vCiWWfV9l1RfNl3lZHNn9wZWnCDaGCeFWCOmpXGHHm98T2MJVmZIb1V1BEajNZgqmSV9F5vKM2OarqgI8bh"
                }
            ],
            "params": [],
            "tests": []
        },
        {
            "_id": "d21d75b9-6f36-4578-81bf-c747664ce7e9",
            "colId": "7ff52913-38f9-4df9-926b-57ea9baf4e70",
            "containerId": "",
            "name": "referralbonussummary",
            "url": "https://threearrowstech.com/projects/quantum/backend_apis/api/referralbonussummary/",
            "method": "POST",
            "sortNum": 140000,
            "created": "2023-06-26T12:29:16.862Z",
            "modified": "2023-06-26T12:29:16.862Z",
            "headers": [
                {
                    "name": "AUTHORIZATION",
                    "value": "Bearer Bny5CMHTHWuBDNis6vCiWWfV9l1RfNl3lZHNn9wZWnCDaGCeFWCOmpXGHHm98T2MJVmZIb1V1BEajNZgqmSV9F5vKM2OarqgI8bh"
                }
            ],
            "params": [],
            "tests": []
        },
        {
            "_id": "33dff35f-ff53-4543-8086-362dff8dc7b1",
            "colId": "7ff52913-38f9-4df9-926b-57ea9baf4e70",
            "containerId": "",
            "name": "adminwalletdata",
            "url": "https://threearrowstech.com/projects/quantum/backend_apis/api/getadminwallet/",
            "method": "POST",
            "sortNum": 150000,
            "created": "2023-06-26T12:29:16.863Z",
            "modified": "2023-06-26T12:29:16.863Z",
            "headers": [
                {
                    "name": "AUTHORIZATION",
                    "value": "Bearer Bny5CMHTHWuBDNis6vCiWWfV9l1RfNl3lZHNn9wZWnCDaGCeFWCOmpXGHHm98T2MJVmZIb1V1BEajNZgqmSV9F5vKM2OarqgI8bh"
                }
            ],
            "params": [],
            "tests": []
        },
        {
            "_id": "85cbc94d-d7c5-4508-80be-40f490b27e66",
            "colId": "7ff52913-38f9-4df9-926b-57ea9baf4e70",
            "containerId": "",
            "name": "all referral users",
            "url": "https://threearrowstech.com/projects/quantum/backend_apis/api/user/referralusers/",
            "method": "POST",
            "sortNum": 160000,
            "created": "2023-06-26T12:29:16.864Z",
            "modified": "2023-06-26T12:29:16.864Z",
            "headers": [
                {
                    "name": "AUTHORIZATION",
                    "value": "Bearer Bny5CMHTHWuBDNis6vCiWWfV9l1RfNl3lZHNn9wZWnCDaGCeFWCOmpXGHHm98T2MJVmZIb1V1BEajNZgqmSV9F5vKM2OarqgI8bh"
                }
            ],
            "params": [],
            "tests": []
        },
        {
            "_id": "f419c24c-e8b5-4f12-9f9f-a00a5c271fb2",
            "colId": "7ff52913-38f9-4df9-926b-57ea9baf4e70",
            "containerId": "",
            "name": "deposit report",
            "url": "https://threearrowstech.com/projects/quantum/backend_apis/api/user/depositsummary/",
            "method": "POST",
            "sortNum": 170000,
            "created": "2023-06-26T12:29:16.865Z",
            "modified": "2023-06-26T12:29:16.865Z",
            "headers": [
                {
                    "name": "AUTHORIZATION",
                    "value": "Bearer 5b91GEJUjAyzzUnTuJZq2kkVviCEBjGfsc5dkzfOOfptLM4wFhAakKYBrQYitVBgiiHKpFPCmisMklEGHdzoLjQku5suDqnx3sdD"
                }
            ],
            "params": [],
            "tests": []
        },
        {
            "_id": "5de03651-afe1-4877-80fc-d515b548c081",
            "colId": "7ff52913-38f9-4df9-926b-57ea9baf4e70",
            "containerId": "",
            "name": "roidata",
            "url": "https://threearrowstech.com/projects/quantum/backend_apis/api/user/roidata/",
            "method": "POST",
            "sortNum": 180000,
            "created": "2023-06-26T12:29:16.866Z",
            "modified": "2023-06-26T12:29:16.866Z",
            "headers": [
                {
                    "name": "AUTHORIZATION",
                    "value": "Bearer 5b91GEJUjAyzzUnTuJZq2kkVviCEBjGfsc5dkzfOOfptLM4wFhAakKYBrQYitVBgiiHKpFPCmisMklEGHdzoLjQku5suDqnx3sdD"
                }
            ],
            "params": [],
            "tests": []
        }
    ]
}
